team,season,role,person,effective_date,source_url,quote,confidence
ARI,2026,defensive_coordinator,Nick Rallis,2026-09-13,https://www.azcardinals.com/news/cardinals-retain-nick-rallis-as-defensive-coordinator-nathaniel-hackett,(summary) Rallis retained from Jonathan Gannon's staff,team_or_major
ARI,2026,head_coach,Mike LaFleur,2026-09-13,https://www.azcardinals.com/news/cardinals-retain-nick-rallis-as-defensive-coordinator-nathaniel-hackett,"(summary) page names LaFleur head coach; LaFleur: ""Nick is someone I have always great respect for""",team_or_major
ARI,2026,offensive_coordinator,Nathaniel Hackett,2026-09-13,https://www.azcardinals.com/news/cardinals-retain-nick-rallis-as-defensive-coordinator-nathaniel-hackett,"With Nathaniel, when you combine his experience with his high level of offensive production",team_or_major
ARI,2026,offensive_play_caller,Mike LaFleur,2026-09-13,https://africa.espn.com/nfl/story/_/id/47828748/source-cardinals-mike-lafleur-hires-nathaniel-hackett-oc,Mike LaFleur said Tuesday... he will be calling Arizona's offensive plays,team_or_major
ATL,2026,defensive_coordinator,Jeff Ulbrich,2026-09-13,https://www.espn.com/nfl/story/_/id/47661016/falcons-retaining-dc-jeff-ulbrich-head-coach-kevin-stefanski,(summary) Ulbrich will remain in his position under new head coach Kevin Stefanski,team_or_major
ATL,2026,head_coach,Kevin Stefanski,2026-09-13,https://atlantafalcons.com/news/atlanta-falcons-2026-coaching-staff,(summary) Stefanski has been plenty busy in his short time with the team,team_or_major
ATL,2026,offensive_coordinator,Tommy Rees,2026-09-13,https://atlantafalcons.com/news/atlanta-falcons-2026-coaching-staff,(summary) lists offensive coordinator Tommy Rees,team_or_major
ATL,2026,offensive_play_caller,Tommy Rees,2026-09-13,https://abc7chicago.com/post/calls-plays-every-nfl-team-2026-what-know/19783946/,"Playcaller: Tommy Rees, offensive coordinator",team_or_major
BAL,2026,defensive_coordinator,Anthony Weaver,2026-09-13,https://africa.espn.com/nfl/story/_/id/48958657/baltimore-ravens-2026-nfl-offensive-coordinator-declan-doyle-reboot-offense,(summary) names Weaver as defensive coordinator,team_or_major
BAL,2026,defensive_play_caller,Jesse Minter,2026-09-13,https://www.baltimoreravens.com/news/jesse-minter-ravens-defensive-play-caller-coordinators,I do plan on calling the defense. I think that's a strength of mine,team_or_major
BAL,2026,head_coach,Jesse Minter,2026-09-13,https://www.baltimoreravens.com/news/jesse-minter-ravens-defensive-play-caller-coordinators,(summary) page describes Minter as the new head coach,team_or_major
BAL,2026,offensive_coordinator,Declan Doyle,2026-09-13,https://africa.espn.com/nfl/story/_/id/48958657/baltimore-ravens-2026-nfl-offensive-coordinator-declan-doyle-reboot-offense,"(summary) names Doyle as offensive coordinator, a first-time playcaller",team_or_major
BAL,2026,offensive_play_caller,Declan Doyle,2026-09-13,https://abc7chicago.com/post/calls-plays-every-nfl-team-2026-what-know/19783946/,"Playcaller: Declan Doyle, offensive coordinator",team_or_major
BUF,2026,defensive_coordinator,Jim Leonhard,2026-09-13,https://www.buffalobills.com/news/how-the-bills-can-be-an-attacking-defense-under-new-defensive-coordinator-jim-leonhard,Leonhard is also looking forward to calling plays for the first time as an NFL coach.,team_or_major
BUF,2026,defensive_play_caller,Jim Leonhard,2026-09-13,https://www.buffalobills.com/news/how-the-bills-can-be-an-attacking-defense-under-new-defensive-coordinator-jim-leonhard,Leonhard is also looking forward to calling plays for the first time as an NFL coach.,team_or_major
BUF,2026,head_coach,Joe Brady,2026-09-13,https://www.buffalobills.com/news/something-special-about-this-guy-why-pete-carmichael-waited-seven-years-to-get-back-with-joe-brady,Brady made it clear from his first day on the job that he will be the offensive play caller for the Bills.,team_or_major
BUF,2026,offensive_coordinator,Pete Carmichael Jr.,2026-09-13,https://www.buffalobills.com/news/something-special-about-this-guy-why-pete-carmichael-waited-seven-years-to-get-back-with-joe-brady,"""Pete game plans to call the game,"" Brady said of his OC",team_or_major
BUF,2026,offensive_play_caller,Joe Brady,2026-09-13,https://www.buffalobills.com/news/something-special-about-this-guy-why-pete-carmichael-waited-seven-years-to-get-back-with-joe-brady,Brady made it clear from his first day on the job that he will be the offensive play caller for the Bills.,team_or_major
CAR,2026,defensive_coordinator,Ejiro Evero,2026-09-13,https://www.panthers.com/news/panthers-announce-2026-coaching-staff,"(summary) lists defensive coordinator Ejiro Evero; Canales: ""I have complete trust in Ejiro.""",team_or_major
CAR,2026,head_coach,Dave Canales,2026-09-13,https://www.panthers.com/news/panthers-announce-2026-coaching-staff,(summary) lists head coach Dave Canales,team_or_major
CAR,2026,offensive_coordinator,Brad Idzik,2026-09-13,https://www.panthers.com/news/panthers-announce-2026-coaching-staff,(summary) lists offensive coordinator Brad Idzik,team_or_major
CAR,2026,offensive_play_caller,Brad Idzik,2026-09-13,https://www.panthers.com/news/dave-canales-offensive-coordinator-brad-idzik-to-call-plays-in-2026,offensive coordinator Brad Idzik was going to call plays this year,team_or_major
CHI,2026,defensive_coordinator,Dennis Allen,2026-09-13,https://chicago.suntimes.com/bears/2026/09/29/bears-eagles-dominant-best-development-dennis-allen-win-monday-night-tj-edwards,(summary) identifies Allen as defensive coordinator; Coach Ben Johnson gave Allen a game ball,team_or_major
CHI,2026,head_coach,Ben Johnson,2026-09-13,https://www.espn.com/nfl/story/_/id/47868016/source-bears-promoting-press-taylor-offensive-coordinator,It's rare in Year 1 that you feel like you have a five-star staff,team_or_major
CHI,2026,offensive_coordinator,Press Taylor,2026-09-13,https://www.espn.com/nfl/story/_/id/47868016/source-bears-promoting-press-taylor-offensive-coordinator,"(summary) Taylor promoted from passing game coordinator to offensive coordinator, replacing Declan Doyle",team_or_major
CHI,2026,offensive_play_caller,Ben Johnson,2026-09-13,https://abc7chicago.com/post/calls-plays-every-nfl-team-2026-what-know/19783946/,"Playcaller: Ben Johnson, head coach",team_or_major
CIN,2026,defensive_coordinator,Al Golden,2026-09-13,https://www.bengals.com/news/bengals-finalize-2026-coaching-staff,(summary) lists defensive coordinator Al Golden,team_or_major
CIN,2026,head_coach,Zac Taylor,2026-09-13,https://www.bengals.com/news/bengals-finalize-2026-coaching-staff,(summary) lists head coach Zac Taylor,team_or_major
CIN,2026,offensive_coordinator,Dan Pitcher,2026-09-13,https://www.bengals.com/news/bengals-finalize-2026-coaching-staff,(summary) lists offensive coordinator Dan Pitcher,team_or_major
CIN,2026,offensive_play_caller,Zac Taylor,2026-09-13,https://abc7chicago.com/post/calls-plays-every-nfl-team-2026-what-know/19783946/,"Playcaller: Zac Taylor, head coach",team_or_major
CLE,2026,defensive_coordinator,Mike Rutenberg,2026-09-13,https://www.clevelandbrowns.com/news/mike-rutenberg-keeps-relationships-at-the-core-of-leading-the-browns-defense,As Rutenberg steps into his role as defensive coordinator for the Browns,team_or_major
CLE,2026,defensive_play_caller,Mike Rutenberg,2026-09-13,https://www.clevelandbrowns.com/news/mike-rutenberg-keeps-relationships-at-the-core-of-leading-the-browns-defense,he will also take on new responsibilities - including defensive playcalling.,team_or_major
CLE,2026,head_coach,Todd Monken,2026-09-13,https://www.espn.in/nfl/story/_/id/47948501/source-browns-hire-falcons-rutenberg-replace-schwartz-dc,(summary) Monken does not anticipate changing Cleveland's defensive scheme,team_or_major
CLE,2026,offensive_coordinator,Travis Switzer,2026-09-13,https://spectrumnews1.com/oh/columbus/news/2026/02/20/cleveland-browns-name-new-coordinators,"Monken on Switzer: ""He was our run game coordinator""",local_or_team_focused
CLE,2026,offensive_play_caller,Todd Monken,2026-09-13,https://abc7chicago.com/post/calls-plays-every-nfl-team-2026-what-know/19783946/,"Playcaller: Todd Monken, head coach",team_or_major
DAL,2026,defensive_coordinator,Christian Parker,2026-09-13,https://www.dallascowboys.com/news/2026-cowboys-coaching-tracker-arrivals-departures-and-latest-news,from the Philadelphia Eagles to take over as the team's new defensive coordinator,team_or_major
DAL,2026,defensive_play_caller,Christian Parker,2026-09-13,https://www.cbssports.com/nfl/news/top-10-offensive-and-defensive-play-callers/,(summary) Parker in the defensive play-callers' also receiving votes list,ranking_only
DAL,2026,head_coach,Brian Schottenheimer,2026-09-13,https://www.espn.com/nfl/story/_/id/49711157/nfl-playcallers-32-teams-mike-mcdaniel-sean-mcvay-mike-mccarthy,"(summary) offensive play-caller listed as Brian Schottenheimer, head coach",team_or_major
DAL,2026,offensive_coordinator,Klayton Adams,2026-09-13,https://www.dallascowboys.com/news/2026-cowboys-coaching-tracker-arrivals-departures-and-latest-news,report directly to offensive coordinator Klayton Adams,team_or_major
DAL,2026,offensive_play_caller,Brian Schottenheimer,2026-09-13,https://www.espn.com/nfl/story/_/id/49711157/nfl-playcallers-32-teams-mike-mcdaniel-sean-mcvay-mike-mccarthy,"Brian Schottenheimer, head coach",team_or_major
DEN,2026,defensive_coordinator,Vance Joseph,2026-09-14,https://www.denverbroncos.com/news/broncos-announce-updates-to-2026-coaching-staff,(summary) Vance Joseph listed as Defensive Coordinator,team_or_major
DEN,2026,defensive_play_caller,Vance Joseph,2026-09-14,https://www.cbssports.com/nfl/news/top-10-offensive-and-defensive-play-callers/,"8. Vance Joseph, Broncos defensive coordinator",ranking_only
DEN,2026,head_coach,Sean Payton,2026-09-14,https://www.denverbroncos.com/news/broncos-announce-updates-to-2026-coaching-staff,(summary) Sean Payton listed as Head Coach,team_or_major
DEN,2026,offensive_coordinator,Davis Webb,2026-09-14,https://www.denverbroncos.com/news/broncos-announce-updates-to-2026-coaching-staff,(summary) Davis Webb listed as Offensive Coordinator,team_or_major
DEN,2026,offensive_play_caller,Davis Webb,2026-09-14,https://www.denverbroncos.com/news/i-wouldn-t-do-it-if-i-didn-t-think-it-was-going-to-help-our-team-win-hc-sean-payton-announces-oc-davis-webb-to-call-plays-for-broncos-offense,Recently promoted Offensive Coordinator Davis Webb will serve as the Broncos' play-caller,team_or_major
DET,2026,defensive_coordinator,Kelvin Sheppard,2026-09-13,https://www.detroitlions.com/news/twentyman-5-takeaways-from-dc-kelvin-sheppard-moore-clark-rakestraw,Second-year defensive coordinator Kelvin Sheppard spoke to the media Sunday,team_or_major
DET,2026,defensive_play_caller,Kelvin Sheppard,2026-09-13,https://www.si.com/nfl/lions/onsi/how-kelvin-sheppard-can-improve-in-2026,"Campbell: ""you kind of key and diagnose yourself as a play-caller""",local_or_team_focused
DET,2026,head_coach,Dan Campbell,2026-09-13,https://www.detroitlions.com/news/twentyman-5-takeaways-from-dc-kelvin-sheppard-moore-clark-rakestraw,"Head coach Dan Campbell, Sheppard and the defensive coaching staff did a deep dive",team_or_major
DET,2026,offensive_coordinator,Drew Petzing,2026-09-13,https://www.espn.com/nfl/story/_/id/47662766/sources-lions-finalizing-deal-hire-drew-petzing-new-oc,This should be a playcalling role in Detroit for Petzing,team_or_major
DET,2026,offensive_play_caller,Drew Petzing,2026-09-13,https://www.espn.com/nfl/story/_/id/49711157/nfl-playcallers-32-teams-mike-mcdaniel-sean-mcvay-mike-mccarthy,"Drew Petzing, offensive coordinator",team_or_major
GB,2026,defensive_coordinator,Jonathan Gannon,2026-09-13,https://www.packers.com/news/packers-name-jonathan-gannon-defensive-coordinator-feb-2-2026,The Green Bay Packers have named Jonathan Gannon defensive coordinator.,team_or_major
GB,2026,defensive_play_caller,Jonathan Gannon,2026-09-13,https://www.tmj4.com/sports/new-packers-coordinators-speak-for-the-first-time-as-offseason-continues,he plans to call plays from the sideline,local_or_team_focused
GB,2026,head_coach,Matt LaFleur,2026-09-13,https://www.packers.com/news/packers-name-jonathan-gannon-defensive-coordinator-feb-2-2026,(summary) Head Coach Matt LaFleur announced the hire,team_or_major
GB,2026,offensive_coordinator,Adam Stenavich,2026-09-13,https://fox11online.com/sports/packers-and-nfl/packers-announce-2026-coaching-staff,Adam Stenavich: Offensive coordinator,local_or_team_focused
GB,2026,offensive_play_caller,Matt LaFleur,2026-09-13,https://www.espn.com/nfl/story/_/id/49711157/nfl-playcallers-32-teams-mike-mcdaniel-sean-mcvay-mike-mccarthy,"Matt LaFleur, head coach",team_or_major
HOU,2026,defensive_coordinator,Matt Burke,2026-09-13,https://www.krgv.com/news/texans-coordinators-preview-new-schemes-as-training-camp-continues,(summary) names Matt Burke as Defensive Coordinator,local_or_team_focused
HOU,2026,defensive_play_caller,Matt Burke,2026-09-13,https://www.cbssports.com/nfl/news/top-10-offensive-and-defensive-play-callers/,"10. Matt Burke, Texans defensive coordinator",ranking_only
HOU,2026,head_coach,DeMeco Ryans,2026-09-13,https://www.houstontexans.com/news/texans-vs-cowboys-week-4-preview-demeco-ryans,(summary) refers to HC DeMeco Ryans,team_or_major
HOU,2026,offensive_coordinator,Nick Caley,2026-09-13,https://www.espn.com/nfl/story/_/id/47684076/texans-oc-nick-caley-expected-return-gm-says,I would anticipate Nick being here next year.,team_or_major
HOU,2026,offensive_play_caller,Nick Caley,2026-09-13,https://www.espn.com/nfl/story/_/id/49711157/nfl-playcallers-32-teams-mike-mcdaniel-sean-mcvay-mike-mccarthy,"Nick Caley, offensive coordinator",team_or_major
IND,2026,defensive_coordinator,Lou Anarumo,2026-09-13,https://www.colts.com/news/colts-announce-2026-coaching-staff-marian-hobby-defensive-line-lou-anarumo,(summary) Defensive Coordinator: Lou Anarumo,team_or_major
IND,2026,defensive_play_caller,Lou Anarumo,2026-09-13,https://www.cbssports.com/nfl/news/top-10-offensive-and-defensive-play-callers/,(summary) Anarumo (Colts) in the defensive also receiving votes list,ranking_only
IND,2026,head_coach,Shane Steichen,2026-09-13,https://www.colts.com/news/colts-announce-2026-coaching-staff-marian-hobby-defensive-line-lou-anarumo,(summary) Head Coach: Shane Steichen,team_or_major
IND,2026,offensive_coordinator,Jim Bob Cooter,2026-09-13,https://www.colts.com/news/colts-announce-2026-coaching-staff-marian-hobby-defensive-line-lou-anarumo,(summary) Offensive Coordinator: Jim Bob Cooter,team_or_major
IND,2026,offensive_play_caller,Shane Steichen,2026-09-13,https://www.espn.com/nfl/story/_/id/49711157/nfl-playcallers-32-teams-mike-mcdaniel-sean-mcvay-mike-mccarthy,Steichen enters his fourth season as head coach and has established himself as one of the more respected playcallers,team_or_major
JAX,2026,defensive_coordinator,Anthony Campanile,2026-09-13,https://www.jaguars.com/news/k000589-coen-campanile-udinski-return-2026-huge,(summary) Campanile named as returning defensive coordinator,team_or_major
JAX,2026,defensive_play_caller,Anthony Campanile,2026-09-13,https://www.cbssports.com/nfl/news/top-10-offensive-and-defensive-play-callers/,"9. Anthony Campanile, Jaguars defensive coordinator",ranking_only
JAX,2026,head_coach,Liam Coen,2026-09-13,https://www.jaguars.com/news/k000589-coen-campanile-udinski-return-2026-huge,"(summary) names Coen head coach; Coen: ""It's huge""",team_or_major
JAX,2026,offensive_coordinator,Grant Udinski,2026-09-13,https://www.jaguars.com/news/k000589-coen-campanile-udinski-return-2026-huge,(summary) Udinski named as returning offensive coordinator,team_or_major
JAX,2026,offensive_play_caller,Liam Coen,2026-09-13,https://www.espn.com/nfl/story/_/id/49711157/nfl-playcallers-32-teams-mike-mcdaniel-sean-mcvay-mike-mccarthy,"Liam Coen, head coach",team_or_major
KC,2026,defensive_coordinator,Steve Spagnuolo,2026-09-14,https://www.kctv5.com/2026/07/30/spagnuolo-hoping-find-same-ingredient-success-with-sneeds-return-chiefs-secondary/,Kansas City Chiefs defensive coordinator Steve Spagnuolo has a new-look secondary on his hands in 2026.,local_or_team_focused
KC,2026,defensive_play_caller,Steve Spagnuolo,2026-09-14,https://www.cbssports.com/nfl/news/top-10-offensive-and-defensive-play-callers/,"2. Steve Spagnuolo, Chiefs defensive coordinator",ranking_only
KC,2026,head_coach,Andy Reid,2026-09-14,https://www.nbcsports.com/nfl/profootballtalk/rumor-mill/news/chiefs-finalize-deal-with-eric-bieniemy-to-return-as-their-oc,"Chiefs head coach Andy Reid, though, will continue as the team's play caller.",team_or_major
KC,2026,offensive_coordinator,Eric Bieniemy,2026-09-14,https://www.chiefs.com/news/chiefs-name-eric-bieniemy-as-offensive-coordinator,Eric Bieniemy officially signed on as Offensive Coordinator heading into the 2026 season,team_or_major
KC,2026,offensive_play_caller,Andy Reid,2026-09-14,https://www.nbcsports.com/nfl/profootballtalk/rumor-mill/news/chiefs-finalize-deal-with-eric-bieniemy-to-return-as-their-oc,"Chiefs head coach Andy Reid, though, will continue as the team's play caller.",team_or_major
LA,2026,defensive_coordinator,Chris Shula,2026-09-10,https://www.therams.com/news/rams-2026-coaching-staff-set,Chris Shula returns for his third season as defensive coordinator,team_or_major
LA,2026,defensive_play_caller,Chris Shula,2026-09-10,https://www.cbssports.com/nfl/news/top-10-offensive-and-defensive-play-callers/,"7. Chris Shula, Rams defensive coordinator",ranking_only
LA,2026,head_coach,Sean McVay,2026-09-10,https://www.therams.com/news/rams-2026-coaching-staff-set,Sean McVay enters his 10th year as head coach of the Rams.,team_or_major
LA,2026,offensive_coordinator,Nate Scheelhaase,2026-09-10,https://www.therams.com/news/rams-2026-coaching-staff-set,Offensive Coordinator: Nate Scheelhaase,team_or_major
LA,2026,offensive_play_caller,Sean McVay,2026-09-10,https://abc7ny.com/post/calls-plays-every-nfl-team-2026-what-know/19783946/,"Playcaller: Sean McVay, head coach",team_or_major
LAC,2026,defensive_coordinator,Chris O'Leary,2026-09-13,https://www.chargers.com/news/mike-mcdaniel-chris-oleary-new-coordinator-2026,The Chargers on Wednesday agreed to terms with Chris O'Leary to become their Defensive Coordinator.,team_or_major
LAC,2026,defensive_play_caller,Chris O'Leary,2026-09-13,https://www.chargers.com/news/mike-mcdaniel-chris-oleary-new-coordinator-2026,hired Mike McDaniel and Chris O'Leary ... one of the nine teams with new playcallers on both offense and defense,team_or_major
LAC,2026,head_coach,Jim Harbaugh,2026-09-13,https://www.chargers.com/news/mike-mcdaniel-chris-oleary-new-coordinator-2026,Jim Harbaugh hired former Miami Dolphins head coach McDaniel.,team_or_major
LAC,2026,offensive_coordinator,Mike McDaniel,2026-09-13,https://www.clickondetroit.com/sports/2026/01/26/mike-mcdaniel-joins-harbaugh-herbert-as-chargers-offensive-coordinator-after-dolphins-firing/,Mike McDaniel has agreed to become the Los Angeles Chargers' offensive coordinator.,team_or_major
LAC,2026,offensive_play_caller,Mike McDaniel,2026-09-13,https://abc7ny.com/post/calls-plays-every-nfl-team-2026-what-know/19783946/,"Playcaller: Mike McDaniel, offensive coordinator",team_or_major
LV,2026,defensive_coordinator,Rob Leonard,2026-09-13,https://ktnv.com/sports/las-vegas-raiders-promote-rob-leonard-to-defensive-coordinator-may-have-found-oc-too,Rob Leonard was officially elevated to defensive coordinator on Sunday.,local_or_team_focused
LV,2026,defensive_play_caller,Rob Leonard,2026-09-13,https://www.raiders.com/news/inside-rob-leonard-s-successful-debut-as-raiders-defensive-coordinator,Rob Leonard wanted to keep things simple in his first game as the Raiders' defensive play-caller.,team_or_major
LV,2026,head_coach,Klint Kubiak,2026-09-13,https://abc7ny.com/post/calls-plays-every-nfl-team-2026-what-know/19783946/,"Playcaller: Klint Kubiak, head coach",team_or_major
LV,2026,offensive_coordinator,Andrew Janocko,2026-09-13,https://ktnv.com/sports/las-vegas-raiders-promote-rob-leonard-to-defensive-coordinator-may-have-found-oc-too,Andrew Janocko will follow Kubiak from Seattle to be the offensive coordinator.,local_or_team_focused
MIA,2026,defensive_coordinator,Sean Duggan,2026-09-13,https://africa.espn.com/nfl/story/_/id/47800410/sources-dolphins-hiring-sean-duggan-defensive-coordinator,The Miami Dolphins are hiring former Green Bay Packers linebackers coach Sean Duggan as their defensive coordinator.,team_or_major
MIA,2026,defensive_play_caller,Jeff Hafley,2026-09-13,https://africa.espn.com/nfl/story/_/id/47800410/sources-dolphins-hiring-sean-duggan-defensive-coordinator,"Hafley, on calling the defensive plays himself: ""It's something that I love to do. It really connects me with that group""",team_or_major
MIA,2026,head_coach,Jeff Hafley,2026-09-13,https://www.news4jax.com/sports/2026/01/19/jeff-hafley-reaches-agreement-with-miami-dolphins-to-become-their-coach-ap-source-says/,The Miami Dolphins hired former Packers defensive coordinator Jeff Hafley as their coach on Monday,team_or_major
MIA,2026,offensive_coordinator,Bobby Slowik,2026-09-13,https://www.cbssports.com/fantasy/football/news/dolphins-2026-fantasy-football-outlook-offensive-coordinator-bobby-slowik/,Bobby Slowik was promoted from passing game coordinator to offensive coordinator under new head coach Jeff Hafley.,team_or_major
MIA,2026,offensive_play_caller,Bobby Slowik,2026-09-13,https://abc7ny.com/post/calls-plays-every-nfl-team-2026-what-know/19783946/,"Playcaller: Bobby Slowik, offensive coordinator",team_or_major
MIN,2026,defensive_coordinator,Brian Flores,2026-09-13,https://www.vikings.com/news/2026-coaching-staff-updates-promotions-hires,Brian Flores | Defensive Coordinator,team_or_major
MIN,2026,defensive_play_caller,Brian Flores,2026-09-13,https://www.cbssports.com/nfl/news/top-10-offensive-and-defensive-play-callers/,"5. Brian Flores, Vikings defensive coordinator",ranking_only
MIN,2026,head_coach,Kevin O'Connell,2026-09-13,https://abc7ny.com/post/calls-plays-every-nfl-team-2026-what-know/19783946/,O'Connell has called the Vikings' plays in every season since he arrived as head coach in 2022.,team_or_major
MIN,2026,offensive_coordinator,Wes Phillips,2026-09-13,https://www.vikings.com/news/2026-coaching-staff-updates-promotions-hires,Wes Phillips | Offensive Coordinator,team_or_major
MIN,2026,offensive_play_caller,Kevin O'Connell,2026-09-13,https://abc7ny.com/post/calls-plays-every-nfl-team-2026-what-know/19783946/,"Playcaller: Kevin O'Connell, head coach",team_or_major
NE,2026,defensive_coordinator,Zak Kuhr,2026-09-09,https://www.nbcsports.com/nfl/profootballtalk/rumor-mill/news/patriots-name-terrell-williams-assistant-head-coach-as-they-finalize-2026-staff,(summary) Zak Kuhr moving up to the defensive coordinator role,team_or_major
NE,2026,defensive_play_caller,Zak Kuhr,2026-09-09,https://www.cbssports.com/nfl/news/top-10-offensive-and-defensive-play-callers/,"Zak Kuhr, Patriots defensive coordinator (defensive list, also receiving votes)",ranking_only
NE,2026,head_coach,Mike Vrabel,2026-09-09,https://www.nbcsports.com/nfl/profootballtalk/rumor-mill/news/patriots-name-terrell-williams-assistant-head-coach-as-they-finalize-2026-staff,(summary) page names Vrabel as head coach,team_or_major
NE,2026,offensive_coordinator,Josh McDaniels,2026-09-09,https://www.nbcsports.com/nfl/profootballtalk/rumor-mill/news/patriots-name-terrell-williams-assistant-head-coach-as-they-finalize-2026-staff,Offensive coordinator Josh McDaniels will work with ...,team_or_major
NE,2026,offensive_play_caller,Josh McDaniels,2026-09-09,https://abc7ny.com/post/calls-plays-every-nfl-team-2026-what-know/19783946/,"Playcaller: Josh McDaniels, offensive coordinator",team_or_major
NO,2026,defensive_coordinator,Brandon Staley,2026-09-13,https://www.neworleanssaints.com/team/coaches-roster/brandon-staley,Brandon Staley is in his second season as defensive coordinator for the Saints in 2026.,team_or_major
NO,2026,defensive_play_caller,Brandon Staley,2026-09-13,https://www.cbssports.com/nfl/news/top-10-offensive-and-defensive-play-callers/,"Brandon Staley, Saints defensive coordinator (defensive list, also receiving votes)",ranking_only
NO,2026,head_coach,Kellen Moore,2026-09-13,https://abc7ny.com/post/calls-plays-every-nfl-team-2026-what-know/19783946/,"Playcaller: Kellen Moore, head coach",team_or_major
NO,2026,offensive_coordinator,Doug Nussmeier,2026-09-13,https://www.neworleanssaints.com/video/doug-nussmeier-offensive-coordinator-interview-9-1-2026,"New Orleans Saints offensive coordinator Doug Nussmeier speaks with the media ... September 1, 2026.",team_or_major
NO,2026,offensive_play_caller,Kellen Moore,2026-09-13,https://abc7ny.com/post/calls-plays-every-nfl-team-2026-what-know/19783946/,This is Moore's second year calling plays as a head coach,team_or_major
NYG,2026,defensive_coordinator,Dennard Wilson,2026-09-13,https://www.giants.com/news/john-harbaugh-announces-2026-coaching-staff-coordinators-matt-nagy-dennard-wilson-chris-horton,"His coordinators are Matt Nagy (offense), Dennard Wilson (defense) and Chris Horton (special teams).",team_or_major
NYG,2026,head_coach,John Harbaugh,2026-09-13,https://www.giants.com/news/john-harbaugh-announces-2026-coaching-staff-coordinators-matt-nagy-dennard-wilson-chris-horton,John Harbaugh has announced his inaugural staff as head coach of the New York Football Giants.,team_or_major
NYG,2026,offensive_coordinator,Matt Nagy,2026-09-13,https://www.giants.com/news/john-harbaugh-announces-2026-coaching-staff-coordinators-matt-nagy-dennard-wilson-chris-horton,"His coordinators are Matt Nagy (offense), Dennard Wilson (defense) and Chris Horton (special teams).",team_or_major
NYG,2026,offensive_play_caller,Matt Nagy,2026-09-13,https://abc7ny.com/post/calls-plays-every-nfl-team-2026-what-know/19783946/,"Playcaller: Matt Nagy, offensive coordinator",team_or_major
NYJ,2026,defensive_coordinator,Brian Duker,2026-09-13,https://www.newyorkjets.com/news/2026-combine-aaron-glenn-will-call-defensive-plays-this-season-02-24-2026,"(summary) page reports Duker as defensive coordinator; Glenn: ""Brian had been with me for three years.""",team_or_major
NYJ,2026,defensive_play_caller,Aaron Glenn,2026-09-13,https://www.newyorkjets.com/news/2026-combine-aaron-glenn-will-call-defensive-plays-this-season-02-24-2026,I will be the playcaller.,team_or_major
NYJ,2026,head_coach,Aaron Glenn,2026-09-13,https://www.newyorkjets.com/news/2026-combine-aaron-glenn-will-call-defensive-plays-this-season-02-24-2026,"I will be the playcaller. To me, play-calling is my superpower.",team_or_major
NYJ,2026,offensive_coordinator,Frank Reich,2026-09-13,https://www.clickondetroit.com/sports/2026/02/04/jets-hire-veteran-coach-frank-reich-as-offensive-coordinator/,Reich was hired Wednesday by Glenn as the Jets' offensive coordinator,team_or_major
NYJ,2026,offensive_play_caller,Frank Reich,2026-09-13,https://www.espn.com/nfl/story/_/id/49711157/nfl-playcallers-32-teams-mike-mcdaniel-sean-mcvay-mike-mccarthy,"Playcaller: Frank Reich, offensive coordinator",team_or_major
PHI,2026,defensive_coordinator,Vic Fangio,2026-09-13,https://www.inquirer.com/eagles/defensive-coordinator-vic-fangio-will-return-2026-20260204.html,The 67-year-old defensive coordinator will return for his third season at the helm of the Eagles defense,team_or_major
PHI,2026,head_coach,Nick Sirianni,2026-09-13,https://www.nbcsportsphiladelphia.com/nfl/philadelphia-eagles/sean-mannion-call-plays-coaches-booth-sideline-offensive-coordinator-jalen-hurts-nick-sirianni/750540/,"Mannion had conversations with Nick Sirianni, Vic Fangio and other staff members",team_or_major
PHI,2026,offensive_coordinator,Sean Mannion,2026-09-13,https://www.nbcsportsphiladelphia.com/nfl/philadelphia-eagles/nick-sirianni-not-concerned-sean-mannion-inexperienced-offensive-coordinator/742483/,"Not only is Mannion a first-time offensive coordinator, but he's also a first-time play caller.",team_or_major
PHI,2026,offensive_play_caller,Sean Mannion,2026-09-13,https://www.nbcsportsphiladelphia.com/nfl/philadelphia-eagles/sean-mannion-call-plays-coaches-booth-sideline-offensive-coordinator-jalen-hurts-nick-sirianni/750540/,Sean Mannion has decided where he'll be calling plays from this season.,team_or_major
PIT,2026,defensive_coordinator,Patrick Graham,2026-09-13,https://www.steelers.com/news/steelers-complete-2026-coaching-staff,The Steelers named Patrick Graham the team's defensive coordinator.,team_or_major
PIT,2026,defensive_play_caller,Patrick Graham,2026-09-13,https://www.steelers.com/news/why-graham-prefers-a-bird-s-eye-view,Patrick Graham ... prefers calling plays from the coaches' box rather than the sideline.,team_or_major
PIT,2026,head_coach,Mike McCarthy,2026-09-13,https://www.steelers.com/news/steelers-complete-2026-coaching-staff,The Steelers finalized Head Coach Mike McCarthy's 2026 coaching staff today.,team_or_major
PIT,2026,offensive_coordinator,Brian Angelichio,2026-09-13,https://www.steelers.com/news/steelers-complete-2026-coaching-staff,Offensive Coordinator: Brian Angelichio,team_or_major
PIT,2026,offensive_play_caller,Mike McCarthy,2026-09-13,https://africa.espn.com/nfl/story/_/id/47781532/steelers-hire-patrick-graham-mike-mccarthy-d-coordinator,McCarthy said Tuesday he planned to call plays,team_or_major
SEA,2026,defensive_coordinator,Aden Durde,2026-09-09,https://www.seahawks.com/news/seattle-seahawks-finalize-2026-coaching-staff,Aden Durde (Defensive Coordinator),team_or_major
SEA,2026,head_coach,Mike Macdonald,2026-09-09,https://www.seahawks.com/news/seattle-seahawks-finalize-2026-coaching-staff,Mike Macdonald (Head Coach),team_or_major
SEA,2026,offensive_coordinator,Brian Fleury,2026-09-09,https://www.seahawks.com/news/seattle-seahawks-finalize-2026-coaching-staff,Brian Fleury (Offensive Coordinator),team_or_major
SEA,2026,offensive_play_caller,Brian Fleury,2026-09-09,https://www.heraldnet.com/2026/08/05/seahawks-oc-brian-fleury-challenged-by-macdonalds-defense/,"...his new offensive coordinator and play caller, Brian Fleury.",local_or_team_focused
SF,2026,defensive_coordinator,Raheem Morris,2026-09-10,https://abc7news.com/18522925,The San Francisco 49ers are hiring Raheem Morris as their new defensive coordinator,team_or_major
SF,2026,defensive_play_caller,Raheem Morris,2026-09-10,https://sfstandard.com/2026/05/07/raheem-morris-49ers-defense-romello-height/,"After Robert Saleh's departure, Raheem Morris is charged with calling the plays.",local_or_team_focused
SF,2026,head_coach,Kyle Shanahan,2026-09-10,https://www.49ers.com/team/coaches-roster/,Kyle Shanahan - Head Coach,team_or_major
SF,2026,offensive_play_caller,Kyle Shanahan,2026-09-10,https://www.espn.com/nfl/story/_/id/49711157/nfl-playcallers-32-teams-mike-mcdaniel-sean-mcvay-mike-mccarthy,"Playcaller: Kyle Shanahan, head coach",team_or_major
TB,2026,defensive_play_caller,Todd Bowles,2026-09-13,https://www.tampabay.com/sports/bucs/2026/02/25/how-help-2026-bucs-defense-head-coach-not-worried-about-offense/,"Todd Bowles, who is also the defensive play-caller, says the hiring of OC Zac Robinson will help him refocus.",team_or_major
TB,2026,head_coach,Todd Bowles,2026-09-13,https://www.buccaneers.com/team/coaches-roster/index,Todd Bowles enters his fifth season as head coach of the Tampa Bay Buccaneers,team_or_major
TB,2026,offensive_coordinator,Zac Robinson,2026-09-13,https://www.buccaneers.com/team/coaches-roster/index,Zac Robinson enters his first season as offensive coordinator with the Buccaneers in 2026.,team_or_major
TB,2026,offensive_play_caller,Zac Robinson,2026-09-13,https://www.espn.com/nfl/story/_/id/49711157/nfl-playcallers-32-teams-mike-mcdaniel-sean-mcvay-mike-mccarthy,"Playcaller: Zac Robinson, offensive coordinator",team_or_major
TEN,2026,defensive_coordinator,Gus Bradley,2026-09-13,https://www.wsmv.com/2026/02/18/titans-coordinators-speak-new-role-with-tennessee/,Bradley was named defensive coordinator.,local_or_team_focused
TEN,2026,defensive_play_caller,Robert Saleh,2026-09-13,https://www.wsmv.com/2026/02/18/titans-coordinators-speak-new-role-with-tennessee/,"Saleh will call defensive plays, the same arrangement he and Bradley had in San Francisco.",local_or_team_focused
TEN,2026,head_coach,Robert Saleh,2026-09-13,https://www.tennesseetitans.com/news/titans-hire-brian-daboll-as-offensive-coordinator,It's a key hire for new head coach Robert Saleh.,team_or_major
TEN,2026,offensive_coordinator,Brian Daboll,2026-09-13,https://www.tennesseetitans.com/news/titans-hire-brian-daboll-as-offensive-coordinator,Brian Daboll has been hired as offensive coordinator.,team_or_major
TEN,2026,offensive_play_caller,Brian Daboll,2026-09-13,https://www.nbcsports.com/nfl/profootballtalk/rumor-mill/news/robert-saleh-will-call-the-titans-defensive-plays,...a former head coach calling offensive plays in Brian Daboll,team_or_major
WAS,2026,defensive_coordinator,Daronte Jones,2026-09-13,https://amp.nfl.com/news/commanders-hiring-vikings-db-coach-daronte-jones-as-defensive-coordinator,...hiring Minnesota Vikings defensive backs coach Daronte Jones as their new defensive coordinator,team_or_major
WAS,2026,defensive_play_caller,Daronte Jones,2026-09-13,https://www.thebanner.com/sports/commanders-nfl/commanders-coordinators-growing-pains-M46ZN3NTXVCZ5H6ILJC2S6KAHY/,...hired two first-time play-callers this offseason in Blough and defensive coordinator Daronte Jones,local_or_team_focused
WAS,2026,head_coach,Dan Quinn,2026-09-13,https://www.thebanner.com/sports/commanders-nfl/commanders-coordinators-growing-pains-M46ZN3NTXVCZ5H6ILJC2S6KAHY/,This is how Quinn is handling his young play-callers in his critical third season leading Washington.,local_or_team_focused
WAS,2026,offensive_coordinator,David Blough,2026-09-13,https://www.29news.com/2026/02/11/commanders-try-reversing-last-seasons-dismal-results-with-two-first-time-coordinators/,"(summary) Blough is offensive coordinator (first-time coordinator, age 30)",team_or_major
WAS,2026,offensive_play_caller,David Blough,2026-09-13,https://www.espn.com/nfl/story/_/id/49711157/nfl-playcallers-32-teams-mike-mcdaniel-sean-mcvay-mike-mccarthy,"Playcaller: David Blough, offensive coordinator",team_or_major
